id,title,serviceType,serviceUrl
8ef9070a55c896dce1bb5d45c12f4ba5,South_Carolina_2015_1m,agsimageserver,http://gis.apfo.usda.gov/arcgis/rest/services/NAIP/South_Carolina_2015_1m/ImageServer
45ebc7b3cb0e610cef76307895cdd96c,Illinois_2015_1m,agsimageserver,http://gis.apfo.usda.gov/arcgis/rest/services/NAIP/Illinois_2015_1m/ImageServer
9493f51e38949c19153cbe41356aaab1,Oregon_2014_1m,agsimageserver,http://gis.apfo.usda.gov/arcgis/rest/services/NAIP/Oregon_2014_1m/ImageServer
109857d7628e1297f8c41cb1dd227339,Massachusetts_2014_1m,agsimageserver,http://gis.apfo.usda.gov/arcgis/rest/services/NAIP/Massachusetts_2014_1m/ImageServer
bcdb76ad7c4df915b6849574c5431537,Pennsylvania_2015_1m,agsimageserver,http://gis.apfo.usda.gov/arcgis/rest/services/NAIP/Pennsylvania_2015_1m/ImageServer
b8609ab14a11485178bec5287858d385,Florida_2015_1m,agsimageserver,http://gis.apfo.usda.gov/arcgis/rest/services/NAIP/Florida_2015_1m/ImageServer
0342834d90124e41c9483a8780ce5b6a,NAIP/NAIP Image Dates (Map Server),agsmapserver,https://gis.apfo.usda.gov/arcgis/rest/services/NAIP/NAIP_Image_Dates/MapServer/
ce5742a73614f2a562f7bdcdc14915cd,New_Mexico_2014_1m,agsimageserver,http://gis.apfo.usda.gov/arcgis/rest/services/NAIP/New_Mexico_2014_1m/ImageServer
139feb3118bca7e696ef999df9e8cc80,NAIP Seam Lines,agsmapserver,http://gis.apfo.usda.gov/arcgis/rest/services/NAIP/NAIP_Image_Dates/MapServer
cf2710d080fb66310e83541ec617471e,Maryland_2015_1m,agsimageserver,http://gis.apfo.usda.gov/arcgis/rest/services/NAIP/Maryland_2015_1m/ImageServer
93c112ec0cd08998c010cfcfc5f9954d,National Hydrography Overlay Map Service - WBD (OGC WMS),wms,https://hydro.nationalmap.gov/arcgis/services/wbd/MapServer/WMSServer
e251238d2417e8309bb4bce3cf917d44,NTAD/Railroad_Lines (MapServer),agsmapserver,https://maps.bts.dot.gov/services/rest/services/NTAD/Railroad_Lines/MapServer
4259fdf8e01dda1afaf4740512a01fa2,Connecticut_2014_1m,agsimageserver,http://gis.apfo.usda.gov/arcgis/rest/services/NAIP/Connecticut_2014_1m/ImageServer
9e4a4580507e5234810049a169ad1f30,Utah_2014_1m,agsimageserver,http://gis.apfo.usda.gov/arcgis/rest/services/NAIP/Utah_2014_1m/ImageServer
17f028a5e99b746b4f29deb1149609ed,CritHab Final Tiles,agsmapserver,https://tiles.arcgis.com/tiles/QVENGdaPbd4LUkLV/arcgis/rest/services/usfws_critical_habitat_final/MapServer
66cf1c17cad240a40de5270a6bf7657d,National_coastal_vulnerability_index,wms,https://coastalmap.marine.usgs.gov/cmgp/services/National/coastal_vulnerability_index/MapServer/WMSServer
19f0c136b6c628603e3c302915fc7ae7,CWNS_NP21,agsmapserver,https://watersgeo.epa.gov/ArcGIS/rest/services/OWRAD_NP21/CWNS_NP21/MapServer/
1434167e2c14c40a05f8ad7571b0b716,Structures Feature Service (WFS),wfs,https://services.nationalmap.gov/arcgis/services/WFS/structures/MapServer/WFSServer?request=GetCapabilities&service=WFS
4e362b5bf0a24c809b01dc6aa009404e,USFWS_Critical_Habitat (FeatureServer),agsfeatureserver,https://services.arcgis.com/QVENGdaPbd4LUkLV/ArcGIS/rest/services/USFWS_Critical_Habitat/FeatureServer
351f1e0d1ec74e5e302dc05bfedb0a2e,GAP Land Cover National Vegetation Classification-Macro Group Land Use Service,agsmapserver,http://gis1.usgs.gov/arcgis/rest/services/gap/GAP_Land_Cover_NVC_Macrogroup_Landuse/MapServer
212b0288a68ebe83ab8da02829a1ba81,Wetlands (WMS),wms,https://www.fws.gov/wetlands/arcgis/services/Wetlands/MapServer/WMSServer
e87c75d82e061020f0fd32aef1de8bfe,Long Term Shoreline Change Rates,agsmapserver,https://coastalmap.marine.usgs.gov/cmgp/rest/services/National/slc_LongTerm/MapServer
aede9f610a7aebbaaa208b25d29d0811,NCEI ArcGIS REST Services Directory,agsmapserver,https://gis.ncdc.noaa.gov/arcgis/rest/services/cdo/precip_hly/MapServer
7fead9aec856961a9ce5ba4878bf9309,PADUS1_4_DOI_Tribal_Other,wms,https://gis1.usgs.gov/arcgis/services/PADUS1_4/DOI_Tribal_Other/MapServer/WMSServer?request=GetCapabilities&service=WMS
535683c8e7862ea1eede0d040aba9137,BEACH_NP21,agsmapserver,https://watersgeo.epa.gov/arcgis/rest/services/OWRAD_NP21/BEACH_NP21/MapServer/
5544c5e9a03b2f4f2a60d45851af6f3a,PADUS1_4_Fee_Protected_Green,wms,https://gis1.usgs.gov/arcgis/services/PADUS1_4/Fee_Protected_Green/MapServer/WMSServer?request=GetCapabilities&service=WMS
4009541eae2e48cecdb42b0a0a6b7726,NTAD/Transit_Network (MapServer),agsmapserver,https://maps.bts.dot.gov/services/rest/services/NTAD/Transit_Network/MapServer
02a6c050db9e5ea14614ea697a333729,Travel Monitoring Analysis System,agsmapserver,https://maps.bts.dot.gov/services/rest/services/NTAD/Travel_Monitoring_Analysis_System/MapServer
9c866cc053a1b07430f0ec15a6ac6cd5,PADUS1_4_General_Agency_Level,wms,https://gis1.usgs.gov/arcgis/services/PADUS1_4/General_Agency_Level/MapServer/WMSServer?request=GetCapabilities&service=WMS
34e95011a929ff4ae460bbba5089ba3c,3DEP Elevation Index Map Server (OGC WMS),wms,https://services.nationalmap.gov/arcgis/services/3DEPElevationIndex/MapServer/WMSServer
460735c04bbf47716242a44821642378,foodaccess2015 (MapServer),agsmapserver,https://gis.ers.usda.gov/arcgis/rest/services/foodaccess2015/MapServer
9a6826606d2dd66834642d433f93cb7d,BOEM_BSEE/POC_Layers (MapServer),agsmapserver,https://gis.boem.gov/arcgis/rest/services/BOEM_BSEE/POC_Layers/MapServer
37d9afce7445a8fa984a8ac0a5c44111,Shaded Relief Only Base Map (OGC WMS),wms,http://basemap.nationalmap.gov/arcgis/services/USGSShadedReliefOnly/MapServer/WMSServer
99e9e78eb16204246fecf1dbe8840202,Trackline Geophysical Data,agsmapserver,http://maps.ngdc.noaa.gov/arcgis/rest/services/web_mercator/trackline_combined_dynamic/MapServer
847140a5cfd6d6a14eda3e78fb0270a0,NPDES_NP21,agsmapserver,https://watersgeo.epa.gov/ArcGIS/rest/services/OWRAD_NP21/NPDES_NP21/MapServer/
9ac552461b4dc7c9cae361604875f2d8,PADUS1_4_IUCNCategories_OtherConservationAreas,wms,https://gis1.usgs.gov/arcgis/services/PADUS1_4/IUCNCategories_OtherConservationAreas/MapServer/WMSServer?request=GetCapabilities&service=WMS
61d9a63522ad99b6314cf50bf5e50d02,TIGERweb/State_County (MapServer),agsmapserver,https://tigerweb.geo.census.gov/arcgis/rest/services/TIGERweb/State_County/MapServer
94d7535dfc6652abd42d53f91be720b2,snap_participation_poverty (MapServer),agsmapserver,https://gis.ers.usda.gov/arcgis/rest/services/snap_participation_poverty/MapServer
00ea74cb785255ea84330bae12d47b4d,Physical Oceanographic and Marine Habitat,agsmapserver,http://www.coast.noaa.gov/arcgis/rest/services/MarineCadastre/PhysicalOceanographicAndMarineHabitat/MapServer
4ae83c1134eb8d353169622667a47ae3,USGS TNM Hydrography (NHD),agsmapserver,https://hydro.nationalmap.gov/arcgis/rest/services/nhd/MapServer
a01d0f8eba4f0733c43b353853820e1c,Navigable Waterway Lines,agsmapserver,https://maps.bts.dot.gov/services/rest/services/NTAD/Navigable_Waterway_Lines/MapServer
02c974019e05309ca8d2327c85f93615,PADUS1_4_Comb_Protected_Green,wms,https://gis1.usgs.gov/arcgis/services/PADUS1_4/Comb_Protected_Green/MapServer/WMSServer?request=GetCapabilities&service=WMS
0b1db6ae48da077f9c8f9d9454bff0d2,PADUS1_4_SimpleDesignationType,wms,https://gis1.usgs.gov/arcgis/services/PADUS1_4/SimpleDesignationType/MapServer/WMSServer?request=GetCapabilities&service=WMS
959a516b51f6ae448f6f6b64a902680c,NTAD/Freight_Analysis_Framework_Network (MapServer),agsmapserver,https://maps.bts.dot.gov/services/rest/services/NTAD/Freight_Analysis_Framework_Network/MapServer
9313d6c2643370adba2f5c0757848ff6,FISH_NP21,agsmapserver,https://watersgeo.epa.gov/ArcGIS/rest/services/OWRAD_NP21/FISH_NP21/MapServer/
3d3f87d348fd4da5e80a1a73b674dec5,GAP Land Cover National Vegetation Classification-Ecological Systems Land Use Service,agsmapserver,http://gis1.usgs.gov/arcgis/rest/services/gap/GAP_Land_Cover_Ecological_Systems_Landuse/MapServer
0cc9fdf5315d3efca3de47281a35073b,GAP Land Cover National Vegetation Classification-Subclass Land Use Service,agsmapserver,http://gis1.usgs.gov/arcgis/rest/services/gap/GAP_Land_Cover_NVC_Subclass_Landuse/MapServer
2797964493e046632abe64421edc72de,National_Geochemical_Survey,wms,https://mrdata.usgs.gov/wfs/ngs
029685c540ccb0a3e37da23f84b917db,DEM_global_mosaic (ImageServer),agsimageserver,https://gis.ngdc.noaa.gov/arcgis/rest/services/DEM_global_mosaic/ImageServer
df142bbcd6e0473d7ea29ba2cf693f77,NTAD/IntermodalFreightFacilities (MapServer),agsmapserver,https://maps.bts.dot.gov/services/rest/services/NTAD/IntermodalFreightFacilities/MapServer
1c3a01cc17e47581bcf2abd0a2863c8f,PADUS1_4_Public,wms,https://gis1.usgs.gov/arcgis/services/PADUS1_4/Public/MapServer/WMSServer?request=GetCapabilities&service=WMS
a585ce43802580ae61a8d599cf9ef889,Vermont_2014_1m,agsimageserver,http://gis.apfo.usda.gov/arcgis/rest/services/NAIP/Vermont_2014_1m/ImageServer
d854a722d0020bfb97307cde9b9fd989,Oklahoma_2015_1m,agsimageserver,http://gis.apfo.usda.gov/arcgis/rest/services/NAIP/Oklahoma_2015_1m/ImageServer
1a1f63f97c1b08be5376fbfefbbe0723,Wyoming_2015_05m,agsimageserver,http://gis.apfo.usda.gov/arcgis/rest/services/NAIP/Wyoming_2015_05m/ImageServer
08a57c6383ec28532ccc138323fb6a27,Alabama_2015_1m,agsimageserver,http://gis.apfo.usda.gov/arcgis/rest/services/NAIP/Alabama_2015_1m/ImageServer
ac6e2def045824561cfdd5921056c142,Arkansas_2015_1m,agsimageserver,http://gis.apfo.usda.gov/arcgis/rest/services/NAIP/Arkansas_2015_1m/ImageServer
6ac120378520c1f098d3a95793723764,New_York_2015_05m,agsimageserver,http://gis.apfo.usda.gov/arcgis/rest/services/NAIP/New_York_2015_05m/ImageServer
0f3aaa0abaee7bdeabf025eb2e3d1d9d,National Bridge Inventory,agsmapserver,https://maps.bts.dot.gov/services/rest/services/NTAD/National_Bridge_Inventory/MapServer
b35a6bab4955cfe401c75577e12f7980,NOS_Observations/CO_OPS_Stations/MapServer,agsmapserver,https://idpgis.ncep.noaa.gov/arcgis/rest/services/NOS_Observations/CO_OPS_Stations/MapServer
7dea011aa2011a55967a2c5c2007ee77,U.S. Maritime Limits and Boundaries (version 4.1)  (MapServer),agsmapserver,https://maritimeboundaries.noaa.gov/arcgis/rest/services/MaritimeBoundaries/US_Maritime_Limits_Boundaries/MapServer
f8821bf45fcca98367708222b9b759d2,Short Term Shoreline Change Rates,agsmapserver,https://coastalmap.marine.usgs.gov/cmgp/rest/services/National/slc_ShortTerm/MapServer
c38f16bb99fc496f4766a75f8c601e4e,305B_NP21,agsmapserver,https://watersgeo.epa.gov/ArcGIS/rest/services/OWRAD_NP21/305B_NP21/MapServer/
de47351786b3dbf3954de18b327c2d48,SampleWorldCities (MapServer),agsmapserver,https://enviroatlas.epa.gov/arcgis/rest/services/SampleWorldCities/MapServer
dd9e9a5596220d28a37e096b60b48506,GAP Land Cover National Vegetation Classification-Division Land Use Service,agsmapserver,http://gis1.usgs.gov/arcgis/rest/services/gap/GAP_Land_Cover_NVC_Division_Landuse/MapServer
f7c24eb77e18886e74614271cf4087fc,USGS TNM Elevation Availability (NED),agsmapserver,https://services.nationalmap.gov/arcgis/rest/services/3DEPElevationIndex/MapServer
a196881d78209a6f32150cfc25c975ce,EnviroAtlas U.S. Rare Eocystems,agsmapserver,https://enviroatlas.epa.gov/arcgis/rest/services/Supplemental/Rare_Ecosystems/MapServer
91230566a47df1d2218de432627a2668,GAP Land Cover National Vegetation Classification-Formation Land Use Service,agsmapserver,http://gis1.usgs.gov/arcgis/rest/services/gap/GAP_Land_Cover_NVC_Formation_Landuse/MapServer
839050d119a25b4c2a6d409f1a572391,OEI/USEPA_AIR (MapServer),agsmapserver,https://geodata.epa.gov/arcgis/rest/services/OEI/USEPA_AIR/MapServer
1787cf6db3115b457948c830417acd38,Surface Data Stations,agsmapserver,https://gis.ncdc.noaa.gov/arcgis/rest/services/cdo/stations/MapServer
59ed401d0aa188b94a660b93461a2744,USGSHydroCached,agsmapserver,https://basemap.nationalmap.gov/arcgis/rest/services/USGSHydroCached/MapServer
174ca53b9631fd4d5de530921554bc32,Minnesota_2015_1m,agsimageserver,http://gis.apfo.usda.gov/arcgis/rest/services/NAIP/Minnesota_2015_1m/ImageServer
b007b9ac57e545f713649380ff034477,snap_benefits (MapServer),agsmapserver,https://gis.ers.usda.gov/arcgis/rest/services/snap_benefits/MapServer
9ed04d7a7bbcfdb87db40f9fc9d94b0e,KMZ file for dataset,OGC Keyhole Markup Language (KML),https://gis.ncdc.noaa.gov/kml/nexrad.kmz
25928c0deb977370f0c4db3df0727dc9,EMEF/tribal (MapServer),agsmapserver,https://map11.epa.gov/arcgis/rest/services/EMEF/tribal/MapServer
49bec5bea0c631165b90fef6aaccdd50,NTAD/Dams (MapServer),agsmapserver,https://maps.bts.dot.gov/services/rest/services/NTAD/Dams/MapServer
a6c1f6212150599e084054ee8d671184,RSI Storms,agsmapserver,https://gis.ncdc.noaa.gov/arcgis/rest/services/snowfall/rsi/MapServer
4accc8c88c94ecdcdb06b910e15ae85c,usSEABED project,agsmapserver,https://coastalmap.marine.usgs.gov/cmgp/rest/services/National/usSEABED/MapServer
62b1a4d2f426e499c8ca9f89f597d6b5,Tennessee_2014_1m,agsimageserver,http://gis.apfo.usda.gov/arcgis/rest/services/NAIP/Tennessee_2014_1m/ImageServer
dd85896e48238a37c7d8bb2a4d2b3463,TIGERweb/AIANNHA (MapServer),agsmapserver,https://tigerweb.geo.census.gov/arcgis/rest/services/TIGERweb/AIANNHA/MapServer
0440f23abade29bbae6d9699ed3a5a52,New_Hampshire_2014_1m,agsimageserver,http://gis.apfo.usda.gov/arcgis/rest/services/NAIP/New_Hampshire_2014_1m/ImageServer
3fbf47033d5da927967b48caccba9465,NTAD/Intermodal_Passenger_Connectivity_Database_IPCD (MapServer),agsmapserver,https://maps.bts.dot.gov/services/rest/services/NTAD/Intermodal_Passenger_Connectivity_Database_IPCD/MapServer
6bc4993d429b5a374191f2463c882f23,Iowa_2015_1m,agsimageserver,http://gis.apfo.usda.gov/arcgis/rest/services/NAIP/Iowa_2015_1m/ImageServer
658a7aec464e4a07f5ba744ba3c4d11e,New_Jersey_2015_1m,agsimageserver,http://gis.apfo.usda.gov/arcgis/rest/services/NAIP/New_Jersey_2015_1m/ImageServer
a65575307d1f291d2f12b0324546b7d5,VA 2014 (ID: 100),agsmapserver,https://gis.apfo.usda.gov/arcgis/rest/services/NAIP/NAIP_Image_Dates/MapServer/
a887949a517e5b7529113d7862fb2702,Mississippi_2014_1m,agsimageserver,http://gis.apfo.usda.gov/arcgis/rest/services/NAIP/Mississippi_2014_1m/ImageServer
a2e42b97f44cfd406af59284ddccf144,NTAD/Highway_Performance_Monitoring_System (MapServer),agsmapserver,https://maps.bts.dot.gov/services/rest/services/NTAD/Highway_Performance_Monitoring_System/MapServer
01097507d37438eb42f912e11f8ed429,303D_NP21,agsmapserver,https://watersgeo.epa.gov/arcgis/rest/services/OWRAD_NP21/303D_NP21/MapServer/
53cb0ef3c182a4a8fcb8d8f8ea43dfd7,snap_participation (MapServer),agsmapserver,https://gis.ers.usda.gov/arcgis/rest/services/snap_participation/MapServer
32d1fbac74d38d6835668bf25c95ab5c,WMS,wms,https://gis.ngdc.noaa.gov/arcgis/services/DEM_global_mosaic_hillshade/ImageServer/WMSServer
df8c5eca7d772ede6585a4b0df3b73fd,DEM_global_mosaic_hillshade,agsimageserver,https://gis.ngdc.noaa.gov/arcgis/rest/services/DEM_global_mosaic_hillshade/ImageServer
8e88b3921a59defd188e07f9fc5669c8,NTAD/Railroad_Crossings (MapServer),agsmapserver,https://maps.bts.dot.gov/services/rest/services/NTAD/Railroad_Crossings/MapServer
7568ae6849b770e432cdaab515d85461,PADUS1_4_Fed_Tribal_Other,wms,https://gis1.usgs.gov/arcgis/services/PADUS1_4/Fed_Tribal_Other/MapServer/WMSServer?request=GetCapabilities&service=WMS
e4d766b4ac320b33c5d1034e1a13bf32,PADUS1_4_SimpleAgency,wms,https://gis1.usgs.gov/arcgis/services/PADUS1_4/SimpleAgency/MapServer/WMSServer?request=GetCapabilities&service=WMS
57b942ec8d91f82bed310a1622cf742f,PADUS1_4_Public_Access,wms,https://gis1.usgs.gov/arcgis/services/PADUS1_4/Public_Access/MapServer/WMSServer?request=GetCapabilities&service=WMS
b87ca242dd95058ba41387e5e0c3355f,PADUS1_4_Protected_Areas_by_Manager,wms,https://gis1.usgs.gov/arcgis/services/PADUS1_4/Protected_Areas_by_Manager/MapServer/WMSServer?request=GetCapabilities&service=WMS
1e8692dc5be35f402c681d6cbeeccf4f,LandCover/Regional_CCAP_LC (ImageServer),agsimageserver,https://imagery.coast.noaa.gov/arcgis/rest/services/LandCover/Regional_CCAP_LC/ImageServer
768a94d739786b81f503d76bf6c5fe95,NOAA NWS NEXRAD MRMS Weather Radar Imagery (Time Enabled),agsmapserver,https://nowcoast.noaa.gov/arcgis/rest/services/nowcoast/radar_meteo_imagery_nexrad_time/MapServer
35866f4652716079c534aea5a7473a8f,FRS Interests,agsmapserver,https://geodata.epa.gov/arcgis/rest/services/OEI/FRS_INTERESTS/MapServer
b97d87236bfcc568779ba8cb24e4228f,NTAD/Freight_Analysis_Framework_Regions (MapServer),agsmapserver,https://maps.bts.dot.gov/services/rest/services/NTAD/Freight_Analysis_Framework_Regions/MapServer
61e18991e7e15fa7f333f63b78c5ab8b,PADUS1_4_Fine_Agency_Level,wms,https://gis1.usgs.gov/arcgis/services/PADUS1_4/Fine_Agency_Level/MapServer/WMSServer?request=GetCapabilities&service=WMS
425c47750edd3cccce6826bbd470d74e,NTAD/Railroad_Nodes (MapServer),agsmapserver,https://maps.bts.dot.gov/services/rest/services/NTAD/Railroad_Nodes/MapServer
c73e6ef67fb7b21e70588d737315cdc7,Total Maximum Daily Load (TMDL,wms,http://watersgeo.epa.gov/ArcGIS/services/OWRAD_NP21/TMDL_NP21/MapServer/WMSServer
1848679adcad274c22f6e690b2d58359,Amtrak Stations,agsmapserver,https://maps.bts.dot.gov/services/rest/services/NTAD/Amtrak_Stations/MapServer/
5912d8f03849066e8c605e2162b77007,NTAD/Airports (MapServer),agsmapserver,https://maps.bts.dot.gov/services/rest/services/NTAD/Airports/MapServer
9c8fbc1c3a8a74e0c9b44b65099ca21f,NTAD/Locks (MapServer),agsmapserver,https://maps.bts.dot.gov/services/rest/services/NTAD/Locks/MapServer
f5153ef87d8ab32f6870b1e75043bc57,PADUS1_4_FederalManagers,wms,https://gis1.usgs.gov/arcgis/services/PADUS1_4/FederalManagers/MapServer/WMSServer?request=GetCapabilities&service=WMS
baac3f22f5039eb915629e82e44a2ebf,Structures Map Service (WMS),wms,https://services.nationalmap.gov/arcgis/services/structures/MapServer/WMSServer?request=GetCapabilities&service=WMS
cb3ed379d45a28d38440ccd3e642daba,EnviroAtlas Master Web Service for National,agsmapserver,https://enviroatlas.epa.gov/arcgis/rest/services/National/National2016_master/MapServer
da3d40e31da98d5a9cda59ae8a99b466,Access to Jobs/Workers via Transit,agsmapserver,https://geodata.epa.gov/ArcGIS/rest/services/OA/SLD_Trans45/MapServer
1fec169d9e3e0e17861b7dd7f2327e7d,CetMap_BIA (FeatureServer),agsfeatureserver,https://services2.arcgis.com/C8EMgrsFcRFL6LrL/arcgis/rest/services/CetMap_BIA/FeatureServer
5713142c94a185256ca8368c851990bd,National Hydrography Overlay Map Service - NHD (OGC WMS),wms,https://hydro.nationalmap.gov/arcgis/services/nhd/MapServer/WMSServer
b5249a75c16bdcd2a5e6b784b0977d98,Contours Map Service (OGC WMS),wms,http://services.nationalmap.gov/arcgis/services/Contours/MapServer/WMSServer
c89d8bdfc9e95e4d0e6c3207b9e83929,NTAD/Ports_Major (MapServer),agsmapserver,https://maps.bts.dot.gov/services/rest/services/NTAD/Ports_Major/MapServer
65e025aba7a4c91e17f0bd157bf209e1,NTAD/Amtrak_Routes (MapServer),agsmapserver,https://maps.bts.dot.gov/services/rest/services/NTAD/Amtrak_Routes/MapServer
175334ad2c41cbb85c117eff94d20427,NTAD/Runways (MapServer),agsmapserver,https://maps.bts.dot.gov/services/rest/services/NTAD/Runways/MapServer
97b8959af60126afc4337526cd9a663f,North_Carolina_2014_1m,agsimageserver,http://gis.apfo.usda.gov/arcgis/rest/services/NAIP/North_Carolina_2014_1m/ImageServer
c63fe7beb26856e02518afc535e3929f,CritHab Proposed Tiles,agsmapserver,https://tiles.arcgis.com/tiles/QVENGdaPbd4LUkLV/arcgis/rest/services/usfws_critical_habitat_proposed/MapServer
4412ae4eeb87bde458f25c8c2999372a,California_2014_1m,agsimageserver,http://gis.apfo.usda.gov/arcgis/rest/services/NAIP/California_2014_1m/ImageServer
e9b5c0ad29b084fc51aa3e81c2894045,Kentucky_2014_1m,agsimageserver,http://gis.apfo.usda.gov/arcgis/rest/services/NAIP/Kentucky_2014_1m/ImageServer
2ce5a3789eb569fabb49d59a010d0036,South_Dakota_2014_1m,agsimageserver,http://gis.apfo.usda.gov/arcgis/rest/services/NAIP/South_Dakota_2014_1m/ImageServer
50f8a65e6f5c0131602f26da9a548ee1,USGS Transportation Feature Server,wfs,https://services.nationalmap.gov/arcgis/services/WFS/transportation/MapServer/WFSServer?request=GetCapabilities&service=WFS
2aa32a06aba46e6a1477b8e2cba4c725,NOS_Observations/CO_OPS_Stations/FeatureServer,agsfeatureserver,https://idpgis.ncep.noaa.gov/arcgis/rest/services/NOS_Observations/CO_OPS_Stations/FeatureServer
4b473d98022f5dab5902b72963da39f9,NOS_Observations/CO_OPS_Products (MapServer),agsmapserver,https://idpgis.ncep.noaa.gov/arcgis/rest/services/NOS_Observations/CO_OPS_Products/MapServer
459c1a7e8fc487a0c917de27a80f70a7,ORD/EnvironmentalQualityIndex (MapServer),agsmapserver,https://gispub.epa.gov/arcgis/rest/services/ORD/EnvironmentalQualityIndex/MapServer
3a55ac39f575e33d0899d66be47e8da5,PADUS1_4_Fee_Protected_Gray,wms,https://gis1.usgs.gov/arcgis/services/PADUS1_4/Fee_Protected_Gray/MapServer/WMSServer?request=GetCapabilities&service=WMS
753ff70155856f269abde889e2a4bc7c,Wetlands (MapServer),agsmapserver,https://www.fws.gov/wetlands/arcgis/rest/services/Wetlands/MapServer
1f59ee8416f427ca10c2e0374d37b013,NTAD/Transit_Stations (MapServer),agsmapserver,https://maps.bts.dot.gov/services/rest/services/NTAD/Transit_Stations/MapServer
f9b75867c07f53f9db181e95094d2410,Groundfish Age-Length Map Tool,agsmapserver,https://webmap.afsc.noaa.gov/maps/rest/services/fishdata/agerace/MapServer
d60db248d486556b5141f028f96cfcaf,AIR_NDGA/JudiciallyEstablished1978 (MapServer),agsmapserver,https://gis.wim.usgs.gov/arcgis/rest/services/AIR_NDGA/JudiciallyEstablished1978/MapServer
c2dfb3e40e5bf5f6bc120d76bbca5bb4,NCEI ArcGIS REST Services Directory,agsmapserver,https://gis.ncdc.noaa.gov/arcgis/rest/services/cdo/normals/MapServer
ca580ba047bece25f37bd4f62ef37d16,USGS TNM Hydrography (WBD),agsmapserver,https://hydro.nationalmap.gov/arcgis/rest/services/wbd/MapServer
2d31d9fb7ea598de770ee3b7d98a88a4,Texas_2014_1m,agsimageserver,http://gis.apfo.usda.gov/arcgis/rest/services/NAIP/Texas_2014_1m/ImageServer
3c37f75090492db28b736a0101bd9a6b,Wisconsin_2015_1m,agsimageserver,http://gis.apfo.usda.gov/arcgis/rest/services/NAIP/Wisconsin_2015_1m/ImageServer
42db89ebc7a385e2e8cb402daf51b158,Washington_2015_1m,agsimageserver,http://gis.apfo.usda.gov/arcgis/rest/services/NAIP/Washington_2015_1m/ImageServer
dbb10a04f028050a0859cad5394abbb8,Montana_2015_1m,agsimageserver,http://gis.apfo.usda.gov/arcgis/rest/services/NAIP/Montana_2015_1m/ImageServer
db891862020d9684a9865c54c228d0c8,Louisiana_2015_1m,agsimageserver,http://gis.apfo.usda.gov/arcgis/rest/services/NAIP/Louisiana_2015_1m/ImageServer
605bfdaaf2a3623bbd89444cec4d1f41,Idaho_2015_1m,agsimageserver,http://gis.apfo.usda.gov/arcgis/rest/services/NAIP/Idaho_2015_1m/ImageServer
c89f41f84aeff2716d9ce19c86b23363,PADUS1_4_GAP_Status_Code,wms,https://gis1.usgs.gov/arcgis/services/PADUS1_4/GAP_Status_Code/MapServer/WMSServer?request=GetCapabilities&service=WMS
30b4f2e9d255fab0f646a8b2fa67ddac,Digital Elevation Model Footprints,agsmapserver,http://maps.ngdc.noaa.gov/arcgis/rest/services/web_mercator/dem_extents/MapServer
89524d818cc215b90b846749858f1620,GAP Land Cover National Vegetation Classification-Class Land Use Service,agsmapserver,http://gis1.usgs.gov/arcgis/rest/services/gap/GAP_Land_Cover_NVC_Class_Landuse/MapServer
043d517242fb7719d0693364eeedb3b0,NTAD/ports/MapServer,agsmapserver,https://maps.bts.dot.gov/services/rest/services/NTAD/Ports/MapServer
ebdf91c3154ed15564196af31ed727b2,PADUS1_4_Protected_Biodiversity_Areas,wms,https://gis1.usgs.gov/arcgis/services/PADUS1_4/Protected_Biodiversity_Areas/MapServer/WMSServer?request=GetCapabilities&service=WMS
6185b280bb2ec518b06d458e0de3f76c,trackline_combined_dynamic,wms,http://maps.ngdc.noaa.gov/arcgis/services/web_mercator/trackline_combined_dynamic/MapServer/WMSServer?request=GetCapabilities&service=WMS
5cee9a8c4a9eaf59999fc8a32104b3ef,PADUS1_4_Category_Fee_Ease_Oth_MPA,wms,https://gis1.usgs.gov/arcgis/services/PADUS1_4/Category_Fee_Ease_Oth_MPA/MapServer/WMSServer?request=GetCapabilities&service=WMS
144a2262cda9a8a93ea6b9dc8e397a1a,PADUS1_4_Public_Private,wms,https://gis1.usgs.gov/arcgis/services/PADUS1_4/Public_Private/MapServer/WMSServer?request=GetCapabilities&service=WMS
bab88b3d576490b88467ead4535f4ad9,PADUS1_4_Category_Fee_Ease_Oth,wms,https://gis1.usgs.gov/arcgis/services/PADUS1_4/Category_Fee_Ease_Oth/MapServer/WMSServer?request=GetCapabilities&service=WMS
c4f005b9a8f004923068f859515ccbbf,NTAD/Navigable_Waterway_Nodes (MapServer),agsmapserver,https://maps.bts.dot.gov/services/rest/services/NTAD/Navigable_Waterway_Nodes/MapServer
c2b07274bd1ff8893155041207c9e689,PADUS1_4_DesignationType,wms,https://gis1.usgs.gov/arcgis/services/PADUS1_4/DesignationType/MapServer/WMSServer?request=GetCapabilities&service=WMS
520107a82862e5bd04bfc0c1e6863302,PADUS1_4_IUCNCategories,wms,https://gis1.usgs.gov/arcgis/services/PADUS1_4/IUCNCategories/MapServer/WMSServer?request=GetCapabilities&service=WMS
7485098841f8d3b584d9ce43062ab123,PADUS1_4_Protected_Multiple_Use_Areas,wms,https://gis1.usgs.gov/arcgis/services/PADUS1_4/Protected_Multiple_Use_Areas/MapServer/WMSServer?request=GetCapabilities&service=WMS
e25551cfe54d6a3ed5214260a7010100,NTAD/National_Highway_Planning_Network (MapServer),agsmapserver,https://maps.bts.dot.gov/services/rest/services/NTAD/National_Highway_Planning_Network/MapServer
62b2eb886d46718ca80be69f3bf76448,Shoreline Change - Offshore Baseline,agsmapserver,https://coastalmap.marine.usgs.gov/cmgp/rest/services/National/slc_OffshoreBaseline/MapServer
4adcc38e8d4027298e4411c41a19d5fb,TIGERweb/tigerWMS_Current/MapServer/WmsServer,wms,https://tigerweb.geo.census.gov/arcgis/services/TIGERweb/tigerWMS_Current/MapServer/WmsServer
